1.793090201519980553e+01,1.624082371304974570e+00,-1.704656924126375817e+00,-6.467372408998695033e-02,-6.190412528125750491e-01,3.262479499641306457e-01,-1.434201840235928976e-02,1.782971479052520569e-01,3.566531135922385021e-01,1.265486562579311025e-01,-5.334466876552620418e-01,2.201575853216873047e-01,-4.428849455264933233e-01,3.076351285536613189e-02,2.537980414294228049e-01,-3.103781316055327366e-01
1.793090201519980553e+01,1.624082371304974570e+00,-1.704656924126375817e+00,-6.467372408998695033e-02,-6.190412528125750491e-01,3.262479499641306457e-01,-1.434201840235928976e-02,1.782971479052520569e-01,3.566531135922385021e-01,1.265486562579311025e-01,-5.334466876552620418e-01,2.201575853216873047e-01,-4.428849455264933233e-01,3.076351285536613189e-02,2.537980414294228049e-01,-3.103781316055327366e-01
1.812771616127913177e+01,7.413646787562471197e-01,-2.027450361034234927e+00,2.773598364815735295e-01,-4.349250887935324772e-01,2.421374329128549718e-01,7.519204524307417092e-02,-1.801798754404939640e-01,-1.073832242859742853e-01,1.733764646396200870e-01,-1.206922463365679876e+00,5.519249075791813341e-01,1.061285362918047842e-01,1.944761533209021231e-01,-4.337676857834928956e-01,-5.191221112137238691e-01
1.213557096222551479e+01,5.643560165098591597e+00,5.055830679802673228e-02,-1.789612134658688181e+00,-6.766945948079741147e-01,-1.313627439768995320e+00,-7.147316923320131687e-01,7.526962531813857771e-01,-2.353228071442827751e-01,3.640057842112618958e-01,-8.676337441454639032e-01,4.045172797600256609e-01,-8.248272839652777133e-01,-1.975891750479323028e-01,-9.109258929204791522e-02,-1.043129998311750795e+00
1.842239104638164804e+01,1.667616389729396964e+00,-3.417360586728338756e+00,5.164881593770430657e-01,-4.345840543190566674e-01,6.617322695405268851e-01,2.194477448741235237e-01,-4.723613953244663044e-01,3.823735824300996539e-02,1.410022685183173197e-01,-1.186463612719555805e+00,8.839079409591731329e-01,-3.942505280671274037e-01,-8.351511419887285015e-02,-5.381811460188133944e-01,-8.794203968467498855e-01
1.812775157488163202e+01,2.564745166208615146e+00,-3.178450848339428703e+00,2.779481233711164068e-01,-7.052667253913998957e-01,8.763605099493146922e-01,1.396602898644807439e-02,1.902750755043805531e-01,4.514817614960852099e-01,-8.141966667424896942e-01,-6.110301281954452213e-01,-3.778384912945063623e-01,-1.278655059673658334e+00,-4.226633591448944460e-01,5.003772429265126442e-01,-6.926858451586029863e-01
9.482054471698061704e+00,-3.772206074541932797e+00,-3.632467369484231323e+00,2.312856875493580322e+00,-9.792197300855764661e-03,2.681956263587114808e+00,1.292291077388966869e+00,5.471372964401109984e-01,9.163750255678266843e-01,-6.593198170452260198e-01,-5.560936236615636741e-01,-1.699159883265286830e-01,-7.199468878248230785e-01,-2.614978729101594679e-01,-1.265787680019063721e-01,-2.174524236722799042e-01
1.797029198531665628e+01,9.315829326903412033e-01,-2.999675567859014347e+00,6.091241680352540433e-01,-1.540483423287157261e-01,8.740151884743023736e-01,2.516117004246236077e-01,-3.850711362182192565e-01,1.268782962082629640e-01,-1.948933623231738910e-01,-7.743103613227431126e-01,4.992757971699069430e-01,-1.099642589943579107e+00,-3.169889984479832834e-01,-3.684434660773142634e-01,-1.104152092538562169e+00
1.843734836081871720e+01,1.769383246370684004e+00,-1.597850868624574261e+00,-1.923424598939403596e-01,-9.883509627584831092e-01,5.379277381494406152e-01,3.830241842048762724e-01,-7.744759996103934840e-01,4.514131396965926496e-02,2.321665098597752164e-01,2.488556329472428053e-01,6.409557875818063799e-01,1.347774629676249357e-02,4.788112328363692272e-01,-6.376296855126799279e-02,3.618318977058070374e-01
1.815700320710777760e+01,2.476460430285259307e+00,-1.485100107907274980e+00,-3.974875711649179522e-01,-1.308615230289182474e+00,1.479918615879707577e-01,1.737447079111149595e-01,7.400262568191753876e-02,2.172433740845007566e-01,1.954871158976058398e-01,-3.234676450658283131e-02,1.561832935475790558e-02,2.504701416209472731e-01,2.124127876513013102e-01,1.457421220819709318e-01,4.238695361671545037e-01
1.849633343463823110e+01,-1.068196790453681544e+00,-3.779672271832450470e-01,1.350451499340496742e-01,1.916550811219931982e-01,7.195863424896203897e-01,5.496215706337208573e-01,3.630003336823174331e-01,-6.068440242219904635e-01,1.839806006785573989e-01,-2.119434919005478424e+00,6.342383054035652945e-01,-3.985326565129633791e-01,-1.230184856387922937e-01,-6.472217904631702989e-01,-6.407861040296819466e-01
1.425208467797353684e+01,4.018459567294130896e-01,2.319286193787781336e+00,-1.158524864649038255e+00,-3.864542213700554729e-01,-2.475048633338244597e-01,2.518366409255267113e-01,4.812601530646176684e-01,5.046544181036922982e-02,-2.299119213200218059e-01,2.331088295167693392e-01,-7.469916032531619399e-01,-1.874199030412714850e-01,6.416503730077267875e-02,3.691167643911576479e-01,3.519278318615756684e-01
1.474608806221410084e+01,-3.732272527729672829e-02,2.427040369168720346e+00,-1.164735833126766096e+00,-5.144310650955132846e-01,-2.297614821350204006e-01,5.855496158601142254e-01,-1.099896256518750060e-01,-1.367677812724005793e-01,3.541609644565624215e-01,8.979982684857601427e-02,3.224773856358599256e-01,8.027117724583533453e-01,1.763041450895606044e-01,-2.421100819539915849e-01,6.928154494266988150e-01
1.380109431884585192e+01,5.109029078119416312e+00,2.259487367635782284e+00,-2.508697257450061446e+00,-4.920743029566946314e-01,-1.947882568944932835e+00,-8.630188783107297645e-01,6.314565821124866751e-01,-7.808531076222369194e-01,6.022569772080492712e-01,-1.277294212261264494e+00,2.704366431079449073e-01,-3.278205776887289091e-01,-2.674922891830937566e-01,-4.320971111984369672e-01,-5.475286522254424471e-01
1.441167404831885612e+01,-3.278829029461371447e-01,1.695733387134030545e+00,-6.663720082708276538e-01,1.966650139346119153e-01,-4.918020908923442236e-01,-1.669360902705226413e-01,8.411652343613194027e-01,-2.322096583638840195e-01,-2.957812158647340484e-01,-5.259998227126424508e-01,-8.380415652740510479e-01,-8.566048466401954276e-01,-4.681509854294198525e-01,2.155792936805359938e-01,-3.172998416814132305e-01
1.441167404831885612e+01,-3.278829029461371447e-01,1.695733387134030545e+00,-6.663720082708276538e-01,1.966650139346119153e-01,-4.918020908923442236e-01,-1.669360902705226413e-01,8.411652343613194027e-01,-2.322096583638840195e-01,-2.957812158647340484e-01,-5.259998227126424508e-01,-8.380415652740510479e-01,-8.566048466401954276e-01,-4.681509854294198525e-01,2.155792936805359938e-01,-3.172998416814132305e-01
1.352773516443683732e+01,-4.609089585885227436e+00,-1.278382880114485198e+00,1.583746710072827080e+00,3.434523366956850343e-01,1.625625577685792855e+00,1.177506758255253860e+00,6.066215444680369412e-02,8.765161159167478289e-02,-2.008663766836558603e-02,-1.004508798749601084e+00,3.545450880245036851e-01,-2.517549123927075722e-02,-1.193510839838648335e-01,-4.541226063323626772e-01,-1.677958734957361864e-01
1.463303782489020577e+01,3.790121977806237274e-01,2.023501777396031542e+00,-1.037440929455844429e+00,-2.409865845582714050e-01,-4.251155435568221286e-01,-5.223446549652442997e-03,3.744169737951092980e-01,-3.252819954699531779e-02,-2.595056330019891444e-01,-2.039166309689698781e-02,-7.877792355855686157e-01,-2.330391683236616718e-01,-4.282720280737013774e-03,3.345544691831812689e-01,3.290885466827301320e-01
1.454626401459996465e+01,-7.223947150640126491e-01,1.816760719621258069e+00,-8.372746946227546117e-01,-5.913389202898797770e-01,4.529508920318444654e-01,1.373532479005346252e+00,-2.282297050439840547e+00,-9.093998411614996336e-01,6.816400116609180326e-01,8.345268045444573790e-01,1.710764264582782079e+00,1.640911763271983848e+00,3.146336432486161461e-01,-1.087015561116594364e+00,1.099214838021907337e+00
1.493322848952290727e+01,1.225575876878805870e+00,2.952024066962737781e+00,-1.688955387301742217e+00,-8.750468691411344979e-01,-9.921041563344323855e-02,5.044448395236266203e-01,5.885590063908802128e-01,2.540707624500634920e-01,-1.296955993809066898e-01,6.145374663129192783e-01,-5.613948216278439318e-01,2.685832768983929530e-01,2.426950691884660893e-01,3.391732953105102144e-01,8.877843333949086979e-01
1.266772641268503108e+01,1.588905843453522149e+00,-3.601767665231626805e-03,-5.835513957798786899e-01,-7.017815638050348137e-02,-1.824681089189728489e+00,-1.642428594453077872e+00,1.187254765913474452e+00,-1.180148097375585681e-01,4.465946852256424959e-01,-5.343349373913911515e-01,-6.983723394708354348e-01,3.217414094078269171e-01,5.122477834399485896e-01,5.241014392178929837e-01,-1.627228873889981775e-01
1.468437916658037068e+01,-1.125998754399899271e+00,2.479328690146688441e+00,-8.931063745985265978e-01,4.786295466389866582e-01,-1.431872941948476141e+00,-1.164205196958143507e+00,1.263492888411573478e+00,-2.622315931108724074e-01,1.201395823058487800e+00,-1.522819487779448311e+00,2.573616431074426253e-02,9.868888821266168510e-01,1.227491725701410852e+00,-5.153999329530105367e-02,5.485473020024080049e-02
1.594139902677453868e+01,2.353608356284518921e-01,2.546430904765075165e-01,-2.735663314250539324e-01,4.110961707583537517e-01,-1.742075919727421596e+00,-1.959448404861919624e+00,1.546348753203563131e+00,-2.390346395447371652e-01,-9.791796616239800688e-02,-9.800940554681317751e-01,-1.441829624281186550e+00,-4.102434929852205592e-01,3.827842739400038052e-01,7.259521082645047363e-01,-6.695274876337952152e-01
1.023218479356940058e+01,4.575242676880176163e+00,1.443284071637026988e+00,-1.960305749968135558e+00,-2.551907804173554895e-01,-2.496911312538373284e+00,-1.654298712461088838e+00,9.495178127532123424e-01,-5.819015476091292660e-01,6.729686137812124214e-01,-9.229779649565251765e-01,-1.585922554626964798e-01,-1.886968941719146531e-01,7.517620434455217493e-02,1.892729243353302726e-01,-7.497272757404924715e-01
1.672603446011513384e+01,8.567299463423409811e-02,-1.967628373700257283e-01,-8.744802769205531345e-02,4.958117887542759505e-01,-1.702426803114103437e+00,-1.908957247363026077e+00,1.072467102061414490e+00,-4.567620713121045561e-01,9.623133130687967773e-02,-1.060856066080447579e+00,-1.212187107567234357e+00,-3.031120066387548162e-01,2.036186749470050572e-01,4.140460201308557853e-01,-6.445985336827130263e-01
1.672603446011513384e+01,8.567299463423409811e-02,-1.967628373700257283e-01,-8.744802769205531345e-02,4.958117887542759505e-01,-1.702426803114103437e+00,-1.908957247363026077e+00,1.072467102061414490e+00,-4.567620713121045561e-01,9.623133130687967773e-02,-1.060856066080447579e+00,-1.212187107567234357e+00,-3.031120066387548162e-01,2.036186749470050572e-01,4.140460201308557853e-01,-6.445985336827130263e-01
7.288285862858328024e+00,-3.348443943900444975e+00,-2.846801000174860707e+00,1.947119356942912161e+00,2.340744644340921887e-01,1.427135535377340059e+00,2.740867792097022582e-01,8.749523719372493957e-01,6.217115097604866136e-01,-2.902833630393958919e-01,-5.572235965060146068e-01,-5.516048346783037903e-01,-3.064025896878201372e-01,3.881815002908993728e-01,6.194139427028681755e-02,-2.132965696032518843e-01
1.598567706123764331e+01,7.727816392267283785e-01,-5.065716010455388885e-01,-1.247040076146564147e-01,2.612175313914778529e-01,-1.427180903470789630e+00,-1.873795814731074039e+00,1.264583191183439537e+00,-1.818784915121621215e-01,-3.202033641424112953e-01,-7.223402876964284403e-01,-1.674267400591793242e+00,-7.206598109676531916e-01,4.366427729230495242e-02,8.152008361385889579e-01,-7.182971966243844042e-01
1.575112771849396509e+01,-1.110697335108239564e-01,-1.488075962886567849e+00,3.921941776692976500e-01,1.194901791247849829e-02,-1.783914813947619971e+00,-1.539422032157497178e+00,-8.438024474938562447e-01,-7.256453432655513014e-01,1.015934446814449332e+00,1.799261991662325366e-01,2.489053791297814178e-01,1.012440078296295010e+00,3.561653792531859763e-01,-2.409053373708338330e-01,4.582846854775169398e-01
1.587287433118907565e+01,1.429230428900567507e+00,8.247953010414376118e-01,-8.796003653119481847e-01,-3.367611019222963020e-02,-1.686207123858115109e+00,-1.769816369983035376e+00,1.669878633379517030e+00,-2.566763669788020286e-01,3.286941446489327623e-01,-1.087004435191091911e+00,-1.237779856691748170e+00,-1.702613476643098089e-01,6.757225523281890078e-01,6.391305990958414673e-01,-2.177314440993352584e-01
1.366095051197402199e+01,-1.092468049366199123e+00,-1.973905724199534362e+00,8.493918566832517891e-01,4.865418997656447142e-01,-1.002029632267650738e+00,-5.802570465730806371e-01,2.357253040325595767e-02,-5.729279531228684830e-01,9.994937927122966581e-01,-5.353692937528837792e-01,1.117125338285648528e+00,1.902132268510410285e-01,-1.831508251158876603e-03,-1.139409620516478983e+00,-1.242977721400232438e+00
1.300707911990751597e+01,-1.996531545069455182e+00,-5.573930535081257354e-01,4.699075369662899515e-01,1.494964564638351368e-02,-8.066525133074440301e-01,2.022817474161165696e-01,-1.459531844891125862e+00,-6.548885073037502558e-01,1.720044339681211509e+00,4.494858107023278482e-01,2.295324407767185271e+00,1.780365067594418482e+00,1.257973478349619645e-01,-1.363401612247158834e+00,4.367820409998278697e-01
1.276324160325611956e+01,-2.435870603755932784e+00,-1.898323092764199194e+00,1.147049273180929641e+00,5.161565028238216390e-01,-7.534226164953401472e-01,-3.099206641620749769e-01,-1.062127150963161126e+00,-9.060098470695544526e-01,1.412242303653600484e+00,-4.425623236878644118e-01,1.890284148455640301e+00,9.410978636622165938e-01,3.112799826022817351e-01,-1.243565839776306303e+00,-2.841892872297381301e-01
1.303714181128789207e+01,5.575613613559132986e+00,-2.772215919580214294e-01,-1.742372481869033818e+00,-1.123646911094757561e+00,-2.390789263523476205e+00,-1.153343013332864819e+00,-1.269148744765479231e-01,-4.831960951024925621e-01,1.332646522019593771e+00,-1.296875822728658367e-01,9.989040400574730194e-01,1.277912433319952079e+00,4.210030826517369151e-01,-6.447217302186033505e-01,1.565543587134247405e-01
1.331331085703678774e+01,-1.661119537110363975e+00,-1.679055129970478788e+00,8.447660849273197492e-01,1.844209904862245120e-01,-1.438195725612440912e+00,-7.314096378727362735e-01,-1.038035585649875969e+00,-5.519080146054863301e-01,1.662038470100230869e+00,4.113397474618203375e-01,1.641279459999970047e+00,1.608327672224827198e+00,2.414772263872415337e-01,-1.008597984657964242e+00,1.888374664484351317e-01
1.262905761028969032e+01,-2.168132848717534866e+00,-1.930503026661096966e+00,1.052539245833107984e+00,3.078033946078496674e-01,-1.185341249050296364e+00,-4.438107256753113794e-01,-1.242543140270690127e+00,-6.237609131187834555e-01,1.879402485835033776e+00,-1.452237211763890146e-01,2.153472670223014251e+00,1.763564491314473681e+00,5.218640348879500790e-01,-1.359239302346481271e+00,2.176570659625197968e-01
7.881227227251525136e+00,-4.278696799264161577e+00,-3.190542926238017163e+00,2.296682543707569302e+00,2.895858530171558365e-01,1.140672612382158668e+00,4.098172625165637517e-01,4.193051843369743903e-01,5.883602854325789000e-01,3.386518290259197816e-01,-5.197681327701146881e-01,1.902957443083344302e-01,3.688517292288341909e-01,3.437644064454893345e-01,-4.315694268140723433e-01,-2.620238922106738616e-03
1.262905761028969032e+01,-2.168132848717534866e+00,-1.930503026661096966e+00,1.052539245833107984e+00,3.078033946078496674e-01,-1.185341249050296364e+00,-4.438107256753113794e-01,-1.242543140270690127e+00,-6.237609131187834555e-01,1.879402485835033776e+00,-1.452237211763890146e-01,2.153472670223014251e+00,1.763564491314473681e+00,5.218640348879500790e-01,-1.359239302346481271e+00,2.176570659625197968e-01
1.289693062298789705e+01,-1.245728124245052859e+00,-1.420038203821129663e+00,5.137851564379222191e-01,-4.769923234585279892e-01,-8.073678704787047300e-01,2.590977682882496524e-01,-2.107652731743188124e+00,-6.056264156815702737e-01,2.059379446151235360e+00,7.427276301497298672e-01,2.841334519477319631e+00,2.889412713276011235e+00,8.473071104972539347e-01,-1.483654253250387356e+00,1.253892403270352673e+00
1.201714292698353503e+01,-1.968445589270219287e+00,-1.817951366613794084e+00,1.016495224335461911e+00,4.981300647442156171e-01,-1.620194105175297938e+00,-9.314807756556052754e-01,-5.563960584113055718e-01,-8.611456263450077975e-01,1.821265101760790373e+00,-2.200554179613205263e-01,1.603381305721739425e+00,1.275735689254151373e+00,2.818228440871252127e-01,-1.216612579681410899e+00,-3.943774427403148874e-01
1.340276219786101031e+01,8.241727368615130445e-01,1.566183900771353832e+00,-1.096022154032924023e+00,-1.027411420776825901e+00,1.408354863766092979e+00,2.316661371769281885e+00,-1.989359953825277527e+00,-1.108729483303624863e-01,-1.351924408507707565e-01,1.638280309373177923e+00,1.921442950846164566e+00,1.270351163486619361e-01,2.125046239013967941e-01,-7.288532896346033851e-01,8.308625558419416302e-02
1.385427855771618688e+01,-1.025213749327601231e+00,2.066617888277658910e+00,-6.907301735521637065e-01,-3.140288232249167644e-01,3.694268987772605595e+00,3.775982558822476687e+00,-1.790210285056120121e+00,4.191972800022381040e-02,-1.789890165587344040e+00,8.091900468069571639e-01,1.134755726557886923e+00,-2.230886971499002058e+00,-7.929218179166775959e-01,-8.076507944902034941e-01,-1.093712958037180050e+00
1.543377502334941553e+01,1.204713886454822913e-01,3.011782511966831333e+00,-1.393064570448679484e+00,-8.727902335469587269e-01,2.669001261769422761e+00,2.998261886067132398e+00,-1.182573822411058906e+00,3.090348071608993719e-01,-1.542596223425628743e+00,1.342175138783825883e+00,5.699844871091384046e-01,-1.432742891728925994e+00,-7.500723890804219529e-01,8.424207026158778144e-02,-5.914780540772447692e-02
1.329630148542394963e+01,6.039329999141011207e+00,2.857863291805501138e+00,-3.100666983401247023e+00,-1.448622088060493862e+00,-2.991610243760463583e-01,1.111260631079172390e+00,-6.713799028710747407e-01,-2.508071011569518172e-01,5.490591614246908003e-01,4.005860365831443448e-01,1.665078882196992405e+00,-3.475000400053855718e-03,1.314789007596574577e-01,-8.064292757636413178e-01,5.923183343128293060e-02
1.554161831807880034e+01,2.840024625399522051e-01,2.663263194011410206e+00,-1.356395169573813453e+00,-1.056589969930310735e+00,3.615399035749463863e+00,4.054783569217073058e+00,-2.196548038383997703e+00,2.102084491013593293e-01,-1.576653272619387147e+00,1.794026491053729355e+00,1.513491315027117645e+00,-1.484035110335587992e+00,-5.959759368860341189e-01,-4.480783011926837145e-01,-2.265398222567384934e-01
1.483188999472585579e+01,-2.102455840064387238e-01,2.192365378564113954e+00,-9.736045522510075045e-01,-6.118460777518592852e-01,3.515271398597057395e+00,3.533109840303841676e+00,-1.565037547935699491e+00,2.036516961154144489e-01,-1.826127126693863234e+00,1.144780786482703094e+00,8.880176315278329735e-01,-2.292877732286432213e+00,-8.134884919304163908e-01,-4.495153062854191917e-01,-7.325883009267948331e-01
7.720614033930181641e+00,-3.555850627528744923e+00,-1.926923390101099143e+00,1.636472705972015218e+00,-2.101339794544449524e-01,3.045473044374785054e+00,2.073295216892618420e+00,2.400058272856847030e-01,8.985022373561938336e-01,-9.574474949111552169e-01,1.391171730929648964e-01,-1.087047841837476547e-01,-8.894390868885937440e-01,-1.353736060997761115e-01,1.761452047699725576e-02,1.196345918620595472e-01
1.500928533523394748e+01,5.996142908802714055e-01,2.826856479525124310e+00,-1.454834792959393663e+00,-9.134848548397588308e-01,2.648213771869676769e+00,2.773139401717779950e+00,-8.796753378615694841e-01,4.376138521280905636e-01,-1.447249339630912290e+00,1.352900183673714896e+00,4.397058523772435779e-01,-1.660785475601697980e+00,-7.074325047664568045e-01,2.710817893864220784e-01,2.818956378336660504e-02
1.463245710557585078e+01,-7.515308804029973144e-01,1.955905582324760417e+00,-7.185733500214182001e-01,-3.868903715835988466e-01,2.981071933951512154e+00,3.112919465171991806e+00,-1.380311679991589546e+00,8.592794655332430809e-02,-1.584266519350346458e+00,9.343829817710631591e-01,8.171325153456808765e-01,-2.019826100638032695e+00,-7.197450812096602979e-01,-6.055740345934454982e-01,-7.245238232591212357e-01
1.425103362992075517e+01,-5.487225936807695048e-02,2.043032364582090477e+00,-9.336969634873910628e-01,-6.214406054905542431e-01,2.831555355350972913e+00,2.893300982337976723e+00,-1.099129230346617137e+00,3.209775357976880072e-01,-1.555537558931568531e+00,1.178180280582920902e+00,4.409380296018607925e-01,-2.105498714465064758e+00,-7.790882808656550695e-01,-1.190805377373697349e-01,-4.854877833147261956e-01
1.826919419882329620e+01,4.009611889772810578e-01,-3.498319721828012430e+00,1.030504348822767424e+00,-4.667078841486234086e-01,1.216796397990458356e+00,-2.002921591259213541e-01,1.997956115796889476e+00,1.013705717941350670e+00,-1.130246126922921590e+00,-1.212869913270076871e+00,-1.590437350336431299e+00,-1.358429171285731263e+00,-1.277636605850052398e-01,9.057799340099986773e-01,-6.300982903732603724e-01
1.132230775329330363e+01,-4.034291615224499528e-01,-8.393409439767935964e-01,4.172689637550076602e-01,8.694748263534904376e-02,3.436274544049310320e-01,-3.961464631903450773e-01,1.500165802352737554e+00,5.439177601890441416e-01,-1.205578010718589166e+00,-1.846517419233097146e-01,-1.600300799316090483e+00,-1.638690704978991608e+00,-6.622683858572215865e-01,9.869080418422890855e-01,-6.064785871292174280e-01
1.222500397017381424e+01,-1.305274088186197112e-01,-1.050501278098409985e+00,4.169195943623110745e-01,-2.398319906221469539e-02,5.336023927736684991e-01,-3.157365523885576342e-01,1.514219168399865589e+00,6.265510966735110543e-01,-1.491647061238402960e+00,-3.439780658341843322e-01,-1.744918657856725508e+00,-1.764320411055633864e+00,-7.372635495375440273e-01,1.071799592642617371e+00,-5.205791756623112665e-01
1.633231629778304494e+01,6.009656064806248921e+00,-2.443327035721379048e-01,-1.822164844930786787e+00,-7.547714904942391945e-01,-1.538762843962045324e+00,-1.431328446220855088e+00,1.765835489413043025e+00,-3.395475870180801603e-02,-4.161489334125249157e-02,-1.668059067246473237e+00,-5.637068742401899479e-01,-7.424709997556563357e-01,3.074088820377505506e-03,3.852337833292405755e-01,-5.728111822025833133e-01
1.242920224833944332e+01,-3.953907904488282443e-01,-1.082458197436590996e+00,4.826967115728614810e-01,6.862467006936823211e-02,3.273481318815522206e-02,-6.921629284346686450e-01,1.060573160101959012e+00,4.286821030988385850e-01,-1.044281644416589439e+00,-1.441027888718893202e-01,-1.419393732599699032e+00,-1.224813441737127695e+00,-5.111400052554249118e-01,9.592690205325695718e-01,-3.664509510670335701e-01
1.242920224833944332e+01,-3.953907904488282443e-01,-1.082458197436590996e+00,4.826967115728614810e-01,6.862467006936823211e-02,3.273481318815522206e-02,-6.921629284346686450e-01,1.060573160101959012e+00,4.286821030988385850e-01,-1.044281644416589439e+00,-1.441027888718893202e-01,-1.419393732599699032e+00,-1.224813441737127695e+00,-5.111400052554249118e-01,9.592690205325695718e-01,-3.664509510670335701e-01
1.331996485224437698e+01,-4.409426450923388252e+00,-2.793078244327223736e+00,2.185848514785775798e+00,3.470319242752197691e-02,1.276944115752875586e+00,3.229774721064750387e-01,1.655475734627739115e+00,1.058691666236469153e+00,-2.778303914094414351e-01,-4.644862685337325381e-01,-1.551031250701656816e+00,-6.888877949149563307e-02,3.360204106344155117e-01,7.052417605290497438e-01,3.117436733033289165e-01
1.207017298565549090e+01,-5.394340757427744659e-01,-6.071369396309398425e-01,3.322916889318098810e-01,8.844081823792615538e-02,-4.993812882774023576e-01,-9.509531384651771502e-01,1.029143031329248892e+00,3.418229709038866360e-01,-6.086527129859988783e-01,-1.639859405678537399e-02,-1.463551001212450187e+00,-5.941824925877805530e-01,-3.561272649897341269e-01,8.941842164228603895e-01,3.104797937317273909e-02
1.159988155088192840e+01,-2.342425829484464650e-01,-7.339598591500162694e-01,3.225544752078871036e-01,1.271045203894565767e-01,3.695298831107637350e-01,-4.230997348375205580e-01,1.120380274477380533e+00,4.108610351868428601e-01,-1.404388540709444522e+00,-1.966324589795454686e-02,-1.614326188695839770e+00,-1.784838331029642289e+00,-7.658032364186675434e-01,1.114499558746941066e+00,-4.510956897126112142e-01
1.098136133193517772e+01,-3.997176826725867271e-01,-1.131426814263092995e+00,5.155331598706853757e-01,-1.446565252133331057e-02,-5.236148004781611132e-01,-8.121978366532300875e-01,7.926038997360554950e-01,1.272670603550886403e-01,-5.250587682954067636e-01,2.311305648226494869e-01,-1.000590906231329624e+00,-7.188071092537051676e-01,-5.295763527002719240e-01,5.460142080255423469e-01,-1.702461942512256410e-01
9.907960406305507561e+00,-6.673630214170618302e-01,5.196458322088868265e-01,-1.389149522942799073e-02,3.365031431015814700e-01,-1.672817361562090710e+00,-1.080803143924606857e+00,8.071690080102528198e-02,-6.113868892211914430e-01,-1.091820143363458062e-01,1.169303983767718824e+00,-5.643703634558038251e-01,-2.639095950373958055e-01,-5.110766466766631932e-01,4.589252347607898352e-01,-3.844381839551323510e-01
1.270882645554950230e+01,-3.625359300496540094e+00,1.283277977366480194e+00,4.922897447871648069e-01,1.173167888494004885e+00,6.035815897167661204e-01,5.814500778495127475e-01,-5.701445070597110920e-01,-6.121451278211623714e-01,-1.315071401724314137e+00,5.820915621649225269e-01,-4.475295147875817114e-02,-1.921674020112408288e+00,-1.611142223594630885e+00,-1.186521579921196584e-01,-1.708343756570456229e+00
1.364026578286686942e+01,-3.176484834421308801e+00,1.201581845339323884e+00,4.030387461915048708e-01,1.099608751139563800e+00,-9.286224856761517987e-01,-6.369072997331780561e-01,1.777552629509875082e-02,-7.419074444581545968e-01,-6.632405530074857447e-01,3.682784739602562585e-01,-4.646224432053319142e-01,-1.015989246901676912e+00,-1.253674720479401428e+00,3.648993685806667386e-02,-1.242724802649248783e+00
6.794794580788628302e+00,2.160794098481254366e+00,1.330155069792266609e+00,-1.109694717809281750e+00,1.724627140658497593e-01,-1.835479474787863108e+00,-1.028371520980631670e+00,4.562861288549971417e-01,-6.661870379251885188e-01,2.710913883456891882e-02,4.606845650236390255e-01,-2.484701188033282548e-01,-9.121810484230972182e-01,-7.990920282356228643e-01,1.795437122298062516e-01,-1.182167068420505229e+00
1.338158824850263606e+01,-1.831216061883266466e+00,1.991271605966168590e+00,-2.796494357783415596e-01,5.424704821973012070e-01,-1.557187648534863689e+00,-9.501676717575691100e-01,6.078465852162804328e-01,-3.937529251046074652e-01,-3.752441987635239951e-01,1.221295609648982206e+00,-9.661659618420395113e-01,-4.011809835799090007e-01,-7.774077713622251640e-01,7.096113259766987369e-01,-3.302127156409950248e-01
1.338158824850263606e+01,-1.831216061883266466e+00,1.991271605966168590e+00,-2.796494357783415596e-01,5.424704821973012070e-01,-1.557187648534863689e+00,-9.501676717575691100e-01,6.078465852162804328e-01,-3.937529251046074652e-01,-3.752441987635239951e-01,1.221295609648982206e+00,-9.661659618420395113e-01,-4.011809835799090007e-01,-7.774077713622251640e-01,7.096113259766987369e-01,-3.302127156409950248e-01
5.996390501081855007e+00,-2.908120692242065264e+00,-6.464155232952555341e-01,1.090789931181209704e+00,2.360009752297907715e-01,5.367717810442231841e-01,1.029411988079998591e-01,8.229029908397549331e-01,4.690327428724855863e-01,-7.357629958322380315e-01,7.818551428305546835e-01,-9.891572472017768902e-01,-5.549163841793609553e-01,-3.271817377038389596e-01,6.587864261871252403e-01,-2.653256739770094852e-02
1.243082601007139054e+01,-2.348169611771932619e+00,8.928147827816675930e-01,3.604366696568736539e-01,9.527633823836720861e-01,-3.583772569077591230e-01,-5.473945829780355599e-01,8.306058191441657579e-01,-2.084458588960337311e-01,-1.212266724243741267e+00,1.145907171995320217e+00,-1.281853088069846658e+00,-2.153291982724315101e+00,-1.424865971090672589e+00,7.909271346648008016e-01,-1.596173928285827159e+00
1.220920147591079719e+01,-4.377879361385947021e+00,-1.014380998059395411e+00,1.440493319809250439e+00,1.059533847856474864e+00,5.167662786481341808e-01,6.887136861336412563e-01,-1.879735214839186819e+00,-1.522745972355308952e+00,2.467473960985595849e-01,3.408792893880925323e-01,1.743999234031615497e+00,-2.869201480677835980e-01,-5.681398141035631788e-01,-1.061513327896648207e+00,-1.174343305803758231e+00
1.298373960520836867e+01,2.747200958213854571e-01,2.861533187809224277e+00,-1.244090790475215647e+00,-3.533086940523362252e-01,-8.680760698748003490e-01,-3.008034606007541911e-01,7.984224134450099708e-01,2.155791629998740980e-02,-6.654815525322163028e-01,1.439483087612230650e+00,-1.229366715120455478e+00,-2.278602365910219474e-01,-5.024573708050378285e-01,1.134453990574685989e+00,4.653380418420932640e-01
1.675949267871883208e+01,-2.217067764033347821e+00,-6.461273101550077946e-01,5.659368245806846165e-01,1.323500120217257214e-01,-2.399626364529488520e-01,-1.049685225762700125e-01,7.769391554439667447e-01,6.680318958167812127e-02,1.154266742758270903e+00,-1.320364644173685598e+00,9.692913092578254730e-01,8.254112286615441496e-01,6.183745903594078941e-01,-4.841157280180801714e-01,3.707635815178472738e-02
1.579048575532112153e+01,-1.786024452482011471e+00,2.243614984862732253e+00,-5.647323771906969103e-01,4.912964039470784083e-01,-2.656944590212964585e-01,-4.803750547549394123e-01,2.507516688125019932e+00,4.243709546829960155e-01,3.074574315623002652e-01,-1.516402772217619654e+00,-6.857841861585104448e-01,-5.935467167819332701e-01,6.422091400762323099e-01,4.157298862198580136e-04,-6.538044459688242549e-01
1.633286173321595669e+01,-5.888897587692500935e-01,2.146518259743767310e+00,-9.852993269783104635e-01,-8.205154046267604251e-01,-1.150939664367653728e-02,8.135333083422013889e-01,-4.571150260479743543e-02,4.067618611523798888e-01,9.617229975800465347e-01,1.717127670591255817e-01,1.123611139988396790e+00,1.342234750826411860e+00,3.323013160002964983e-01,-7.816195376108669990e-01,1.146302655417015259e+00
1.458939798032721669e+01,3.105615383232114279e+00,2.068630926619162924e+00,-1.965302231409504108e+00,-3.673448236556482449e-01,-2.267625078690556961e+00,-1.090663006400827362e+00,8.249335793279614082e-01,-7.112108768962638328e-01,2.150798671940675533e+00,-1.170873675629823474e+00,1.092414803359725406e+00,7.375134939943143175e-01,7.874681174996168709e-01,-1.044543341661479996e+00,1.359538596002437746e-02
1.631893136918986542e+01,-1.614705751043249649e+00,9.522306561251296930e-01,-2.035284741722314383e-01,-1.085401176224366424e-03,-8.935680098755658385e-01,-3.921257590505992097e-01,7.827497465146249223e-01,-1.108007338034382311e-01,1.351310332128814240e+00,-6.634335418369918802e-01,9.587942472003236904e-01,9.924400206310893813e-01,3.254398345790290303e-01,-6.207930580411444854e-01,5.300001674870634671e-01
1.579048575532112153e+01,-1.786024452482011471e+00,2.243614984862732253e+00,-5.647323771906969103e-01,4.912964039470784083e-01,-2.656944590212964585e-01,-4.803750547549394123e-01,2.507516688125019932e+00,4.243709546829960155e-01,3.074574315623002652e-01,-1.516402772217619654e+00,-6.857841861585104448e-01,-5.935467167819332701e-01,6.422091400762323099e-01,4.157298862198580136e-04,-6.538044459688242549e-01
1.253121657987088078e+01,-3.684383750246472466e+00,1.963594340837024332e-01,6.634990598005227058e-01,-4.166604815066761724e-01,1.849288068911217331e-01,4.088705851083801468e-01,1.051636993557592437e+00,5.748659068686482465e-01,1.846270678029452661e+00,-1.291863803795741950e-01,8.761081573754210261e-01,2.056154641040185194e+00,1.374974258314368702e+00,-3.898693173303279802e-01,1.578649709486636521e+00
1.626563860771911152e+01,3.055301744487382565e-01,2.281383212382513737e+00,-1.253501234544551979e+00,-1.019234376640922868e+00,3.767368930524795378e-01,1.099744671865530377e+00,-1.607674274906705225e-01,6.814353879501928724e-01,4.281477759441215669e-01,9.269086016396245187e-01,5.066372012906016353e-01,8.361119617622059241e-01,2.106469831003910387e-01,-3.145279840536610028e-01,1.214519496856284242e+00
1.477839168431976802e+01,-1.280976568254874159e+00,8.120364691240578026e-01,-2.792080211823281255e-01,-2.650841255759026627e-01,-7.768263100029291213e-01,1.907645698135408407e-01,-8.570249505364453402e-01,-3.596663628253692901e-01,1.490090570009874549e+00,-2.245651958971698892e-01,1.920495645581473898e+00,1.777276276903636987e+00,6.006264271688640521e-01,-1.135358337023068653e+00,9.148502565834164546e-01
1.570668509943518032e+01,-1.427628063353270749e+00,1.029270573979648606e+00,-3.769342415701185667e-01,-5.327179590150732391e-01,-6.552523782181157719e-01,5.084070064428043434e-01,-6.586138505061505111e-01,-1.950825081217245904e-01,1.997435538815459433e+00,-3.950834307751830560e-02,2.202929567694547952e+00,2.117398986473187250e+00,5.806945163219009443e-01,-1.504998107163387111e+00,1.011667956254102219e+00
1.807313647021972614e+01,-1.390082282139805780e+00,1.782856712908343633e-01,1.647518857290808728e-02,1.182937820128904111e-01,2.270262994442092008e+00,1.556447432579007639e+00,-1.076658794479863124e+00,-5.064334453528201996e-01,-1.155227283079822920e+00,-1.420498420339115331e+00,8.198506540207426418e-01,-9.203331549345508122e-01,-2.474475107966132847e-01,-3.922497200780740712e-01,-5.023323883430681480e-01
1.619139466287959195e+01,-1.047406576503968179e+00,2.886738318705276640e+00,-1.054740042932026389e+00,8.585090756229701858e-02,1.599571511280315717e+00,1.278841834216034590e+00,-5.358861045889348196e-01,-8.730730392816968277e-02,-1.292074258365359718e+00,-5.997009519694946889e-01,-1.861640329361457513e-01,-7.464410353047725710e-01,-2.501935871448966453e-01,2.969268354156813228e-01,-5.024312778388728001e-04
1.639817432255230756e+01,1.312710708614245325e-02,2.889728387646209207e+00,-1.426691800771974883e+00,-6.613783250324918317e-01,2.224693398140368927e+00,1.998125580157432024e+00,-1.495116301882241983e+00,-3.206209753499732196e-02,-1.622011956029976831e+00,2.041991729773191266e-01,2.022935761613541272e-01,1.820189278017625145e-01,8.027799898574493331e-02,3.343098774849899701e-01,6.405120345102870427e-01
1.342887458732091943e+01,6.351322345446497764e+00,3.272913869165520406e+00,-3.336498323941019972e+00,-1.018723723595697184e+00,-1.432905748816948099e+00,-1.764342721772736988e-01,-4.882020489169575095e-01,-8.471969022323936338e-01,5.558156856326355033e-01,-5.649528658649302093e-01,1.034355919962561376e+00,3.991265023824150937e-01,1.066733957841231456e-01,-5.399251095045169979e-01,2.565047057349999493e-01
1.629251444825645478e+01,1.068069776053770514e+00,2.827181862359759545e+00,-1.700542001309069740e+00,-8.232936863344013645e-01,2.109977743069296974e+00,1.663357409689035560e+00,-9.672521124753370447e-01,2.782694437180674996e-01,-1.634874854517426090e+00,1.342644404682888926e-01,-4.945207944555897184e-01,-5.887258682337820348e-02,2.307026203868626502e-01,7.588614463708647229e-01,1.065992806183374997e+00
1.629251444825645478e+01,1.068069776053770514e+00,2.827181862359759545e+00,-1.700542001309069740e+00,-8.232936863344013645e-01,2.109977743069296974e+00,1.663357409689035560e+00,-9.672521124753370447e-01,2.782694437180674996e-01,-1.634874854517426090e+00,1.342644404682888926e-01,-4.945207944555897184e-01,-5.887258682337820348e-02,2.307026203868626502e-01,7.588614463708647229e-01,1.065992806183374997e+00
1.168123569308626131e+01,-4.025280876430668009e+00,-1.886364975505137709e+00,1.664942064270102939e+00,-2.359914613354572033e-01,2.986807835842809400e+00,1.674246794035346486e+00,6.608628397920974784e-01,1.085009649410840993e+00,-1.046919223666618937e+00,-7.463978362545732326e-01,-7.071822358331238956e-01,-1.962381917806749754e-01,1.447630834877836892e-01,2.739659691341028158e-01,5.298338389314780628e-01
1.473483472673677319e+01,6.084329144258081579e-01,2.537435155218674687e+00,-1.322723861260604039e+00,-6.851658981713835972e-02,5.482041440863116843e-01,1.475473470385466890e-01,1.473681213141128765e+00,4.207167842645253009e-01,-1.168347297771494819e+00,-1.154101027660120460e+00,-1.455967559352694174e+00,-9.048258524353224308e-01,-4.037445694663713280e-02,1.144552666515639805e+00,-9.065898019884147119e-02
1.647104983929243360e+01,-1.183665173460667575e+00,2.121736234310239944e+00,-7.827947348101377267e-01,-5.514251459239821046e-02,2.907754533314080181e+00,2.283772561234196807e+00,-2.036218492315678308e+00,-4.067507789948390240e-01,-1.635860125797597986e+00,-1.828372262084330402e-01,6.947694085569329214e-01,-9.700694095957935748e-01,1.463765262742984796e-01,2.519837374821112252e-01,7.695194589181952177e-03
1.617023391114652142e+01,2.224022814726150710e+00,2.490862125140689276e+00,-1.915018242634279444e+00,-1.628348436555803191e+00,1.427666378091313693e+00,1.511009659558439022e+00,-3.931411641773079335e-01,8.338727988281220416e-01,-5.034307764756480452e-01,9.350516984937109477e-01,-3.009451852762839441e-01,6.825513863880448007e-01,2.612085469381038028e-01,3.444142030388996356e-01,1.686738202161825129e+00
1.369741433821675614e+01,1.323192376012108262e+00,-7.086991560626749731e-01,-1.757767437272315936e-01,1.292330656653103704e-01,-1.107306590974650895e+00,-1.116450742519080386e+00,1.016533472302375563e+00,-3.708037712337289293e-02,-4.319967610794797075e-01,-5.433094686864478606e-02,-1.032084878741981626e+00,-1.216713161112266572e+00,-4.914483734965222061e-01,3.093984635822347729e-01,-1.184884242727414883e+00
1.403450364406355888e+01,-1.548694214116004275e+00,1.725570835734710484e-02,3.131563757907097623e-01,6.386230548784950223e-01,-1.935432270442193570e+00,-1.172087891463899245e+00,-7.330893218679442880e-01,-4.555251038634280381e-01,5.346173718105207140e-01,6.540135359496614953e-01,1.417213986027254791e-01,4.008877653195567770e-01,-3.809079985719758810e-01,-2.657510397648146783e-01,-1.808739357064402253e-01
1.458933495017343240e+01,-1.623591679931353671e+00,1.697686770441952653e-01,2.762354534461510802e-01,5.982175988372433473e-01,-2.332234211951544012e+00,-1.779053427076425553e+00,-2.773537448491157908e-01,-3.265303965976160683e-01,5.325515988359250663e-01,3.636131236087793428e-01,-3.097103105748271745e-01,8.073216973709733679e-01,-1.362363124591212393e-01,1.595792789612667517e-01,2.055323435064545790e-01
1.316861825982069689e+01,3.488993835349862849e+00,4.044073765164451495e-01,-1.329924031330559364e+00,1.276415205024020449e-01,-3.420309052260477767e+00,-2.080089502569437698e+00,5.175745613618507046e-02,-1.117043763224891073e+00,1.321164193776686480e+00,-6.981522068098207079e-01,7.316300919913196754e-01,7.794314019513263192e-01,-9.065270511882816962e-02,-6.969605303013247655e-01,-5.934167665215819287e-01
1.437683503559078346e+01,-1.952169503915683002e+00,-2.654468496407630940e-01,5.070227166050553791e-01,8.189862038879475170e-01,-2.450489333840956796e+00,-1.849360195479343050e+00,-3.977446568641195279e-01,-6.037776881039237376e-01,8.380312588406799712e-01,2.990258620890136054e-01,-2.405640889352509207e-02,9.391990930365372581e-01,7.404524031451706692e-03,-1.426533749710013899e-01,1.275514147138817611e-01
1.457403813570139484e+01,-1.953787614709873388e+00,2.055112314629380654e-01,3.254389847534783775e-01,9.019041777173979479e-01,-2.241216527580931483e+00,-1.788267756705530065e+00,-3.102131541040110685e-01,-5.698647039935044178e-01,5.802263377121086307e-01,1.318036521411845019e-01,-1.605107807944270160e-01,6.880033793057557245e-01,-1.061547428426987648e-02,5.429084741826925575e-02,1.166218182279869925e-01
1.153797292365866589e+01,-4.493187004920359051e+00,-1.577734485620299276e+00,1.797537267198789923e+00,6.642290618151637238e-01,-3.273656112108319638e-01,-4.500788524722935113e-01,5.773822652686962931e-01,2.465411341400886303e-01,2.656187352521284240e-01,3.107662175640671931e-01,-7.304551130820752247e-01,1.814639418732557075e-01,1.639930351044495971e-01,1.178064823403772443e-01,-3.404554516877039694e-01
1.458922251645642376e+01,-2.138411894492635579e+00,-5.120700963345722195e-02,4.785485760517999010e-01,9.730127507770167661e-01,-2.191737907661155838e+00,-1.679360861987369669e+00,-4.093105006321225425e-01,-6.323113699654407949e-01,6.410976209423198124e-01,2.132736503914283155e-01,-5.696089644460980428e-02,5.667976109900221271e-01,-1.027874998713136367e-01,-1.610254354761044560e-01,-1.079448116566809335e-01
1.444516453886955176e+01,-1.330662337195633205e+00,-5.690676789268456215e-01,2.904396398802221446e-01,7.109989770680597010e-02,-1.237847061755431133e+00,-2.888446518058412904e-01,-2.781468681795719267e+00,-8.605991397429234580e-01,1.240071822921806399e+00,1.129127547850720559e+00,1.812470853724671871e+00,2.075075230014875594e+00,4.636608624528435474e-01,-9.739848089330286340e-01,8.148458077054731019e-01
1.372427357491560329e+01,-9.604983179045647468e-01,-1.181943923405433250e-01,1.715130830669565343e-01,4.402458825291882816e-01,-2.721808286857236414e+00,-1.899720798220706497e+00,-5.528011889285242564e-01,-5.468423868857050785e-01,1.036227860209671281e+00,8.232273014763463737e-01,9.753664336353332076e-02,1.236975724656896425e+00,3.612116016918783257e-01,6.409722368128009662e-02,4.382805430327978424e-01
1.111955928689221906e+01,3.225940474833843830e+00,-7.745122049829594069e+00,1.892082680826889796e+00,-1.309518164373418170e+00,1.341188834978863875e+00,-1.561865007401146699e-01,-3.245850708806382462e-02,5.996315348777818688e-01,-7.197318066906963629e-01,-3.659638971777338656e-01,-6.239926078930035924e-01,-5.781834919912035575e-01,-2.509425536163168990e-01,4.694909055073759330e-02,-4.444117413591548438e-01
1.018008162789590898e+01,4.254058983400018867e+00,-7.249122538955334427e+00,1.401715530379343377e+00,-1.541526526078090820e+00,1.232398819148123659e+00,-2.262665640288921698e-02,-3.220131788379227422e-01,6.285905530310281764e-01,-7.997103614373868297e-01,1.947294746547848787e-01,-6.212729603420347191e-01,-3.106717820923380891e-01,-3.846535491556825614e-01,-6.016067751222137217e-02,-5.328793998401602089e-02
1.066197029216933245e+01,5.734270283788593048e+00,-7.026101333282376515e+00,8.229787167197515352e-01,-2.354962877447021707e+00,1.736041834733418332e+00,6.653206777409530481e-01,-1.640120850416467935e+00,7.391047893514663958e-01,-1.005349899734072405e+00,6.414267211888127207e-01,-2.334809332647884428e-02,4.610197755382466900e-01,-3.027005016612416277e-02,-2.010606466237442602e-01,6.159563292424100611e-01
8.166102486614535749e+00,5.507760670099706601e+00,-4.707283504539304886e+00,7.743891274617249743e-02,-1.004835820395934443e+00,-1.180147172319648413e-01,-5.935182442889970211e-01,-9.284654701619358963e-02,-3.918615882040553389e-02,-3.997655630574570296e-02,-8.493774306992019074e-01,3.841783423891216853e-01,-5.516637043781041916e-01,-4.619220889857931223e-01,-6.874707543641296326e-01,-7.532957184472955925e-01
1.092491951235927949e+01,4.690320187867804691e+00,-8.185099776973871144e+00,1.557565544021267456e+00,-2.037789390421027136e+00,2.273513401873707540e+00,7.116140655288700767e-01,-1.401094922357710049e+00,8.807040364014925293e-01,-1.115448895837686916e+00,5.291267823856496966e-01,-6.975860911059121594e-02,-6.602079682752637693e-03,-8.360115862027334144e-02,-1.323180239251739165e-01,4.742169062503210353e-01
1.084732947069069198e+01,5.121662741180379896e+00,-7.545672369599973450e+00,1.203208277216369027e+00,-2.109152607468368856e+00,1.845773984300928428e+00,6.095731659675924785e-01,-1.548071190925879526e+00,7.833323844032419325e-01,-1.082808487162758571e+00,7.778594777231200297e-01,-8.737918732346043604e-02,2.144758193391865242e-01,-1.443268418109588391e-01,-1.430487016700893177e-01,6.954610513696192209e-01
7.959916665072277020e+00,8.718714613403857894e-02,-6.151263295695390987e+00,2.235820213076293861e+00,-9.781097982833037996e-01,1.757216014945941707e+00,4.139411550332545153e-01,3.864323252447977031e-01,9.636160653683235600e-01,-5.049238895095345958e-01,-1.229671225576440922e-02,-8.399043790172669999e-01,-3.411276337001137304e-01,-1.185403109470490740e-01,1.503086852249817806e-01,-3.169551335499706628e-03
1.042203955014047523e+01,3.585634648608132302e+00,-5.922613284369085740e+00,1.107702570611722726e+00,-1.348572079353258735e+00,2.119196596810379030e-01,-5.484146888542715814e-01,-7.565173313787715292e-01,1.195854129858537757e-01,-4.852691724819978569e-01,4.637259409512171082e-01,-7.475518325726816515e-01,2.500572100964065236e-01,3.398130570402628503e-02,6.919279760488124265e-02,2.229119027009239251e-01
1.076381749228668028e+01,4.885518871753267156e+00,-6.799774356766780770e+00,8.984325903038336003e-01,-2.244302735951762884e+00,3.157125631953909828e+00,1.968148714371493080e+00,-2.960334959932801269e+00,7.145522150244598691e-01,-9.932919949682238459e-01,1.006554385075050684e+00,1.438641280014520518e+00,-1.758039578636568789e-01,-2.422443618465290605e-01,-8.296840169866837034e-01,6.793503370755558102e-01
1.106085206664681131e+01,4.184502180293026008e+00,-7.216888424385669687e+00,1.379752614555449508e+00,-1.822087787029939010e+00,1.140113153057478623e+00,8.888125881549482910e-02,-1.357398977426164999e+00,5.266732931269133555e-01,-6.855705997855640055e-01,4.575841448193441741e-01,-3.386593032076278820e-01,3.477454675158224706e-01,5.741100952409337876e-02,2.624617854299216707e-02,4.545308549182168201e-01
1.625486979092985962e+01,8.484472970600819286e-01,-8.096697936537914364e-01,-1.556070354814353129e-01,-2.452397604448606494e-01,1.027142748407159578e+00,2.257845267758128716e-01,1.278702549106304209e+00,5.885229455145554178e-01,-8.471670578079333325e-01,-1.257630248219546054e+00,-6.300426903192241079e-01,-1.153437344056679636e+00,1.349678835853359606e-02,3.104244207471555939e-01,-7.455472838660478496e-01
1.341516777535865756e+01,3.750410107572776930e-01,1.925499899307322682e+00,-1.036848370332314584e+00,-2.314616625586433107e-01,6.232731769554371581e-01,7.179349803337364833e-01,-2.278646502929384809e-01,3.409053458550452276e-01,-5.297011437188405836e-01,-1.237066153928359780e-01,1.084947872914975298e-01,-5.375302713453035119e-01,-1.419594034469161548e-01,1.325329077629036345e-01,5.627088596627490696e-02
1.377602831241721759e+01,1.909265436454445686e+00,1.611890695694029096e+00,-1.330467681148619352e+00,-1.039951335289286849e+00,2.151108438673325018e+00,2.051205266255027748e+00,-1.051954599974459503e+00,8.389516208150578080e-01,-1.825371597124987311e+00,7.106830188962901529e-01,-4.561233873123716198e-01,-1.189571663312397387e+00,-5.957558152849337096e-01,6.123705180511400670e-01,2.127473336331552611e-01
1.329572272084804041e+01,6.222489609149942424e+00,1.692793162330650247e+00,-2.707046504230401940e+00,-1.369102517684988918e+00,-5.591473537384695769e-01,6.252937499566901813e-01,-1.235557802446196396e+00,-3.650915545376342553e-01,3.661556366175463539e-01,-1.120596455302551309e-01,1.306036586948255529e+00,4.019923196700874168e-01,2.833581167849641425e-01,-8.396790004410883412e-01,8.400725663160268919e-02
1.259347571424856227e+01,1.516658068497729328e+00,1.729972499122046203e+00,-1.242519823837960891e+00,-6.020567383626150848e-01,6.788106601089390901e-01,8.199022884154900659e-01,-5.241004532472930827e-03,6.471961736368101459e-01,-9.054793794580523469e-01,4.650960591097734187e-01,-4.616142946221682419e-01,-7.690316110474246791e-01,-3.863628527420414072e-01,4.334025961197859877e-01,8.449810349932947162e-02
1.259347571424856227e+01,1.516658068497729328e+00,1.729972499122046203e+00,-1.242519823837960891e+00,-6.020567383626150848e-01,6.788106601089390901e-01,8.199022884154900659e-01,-5.241004532472930827e-03,6.471961736368101459e-01,-9.054793794580523469e-01,4.650960591097734187e-01,-4.616142946221682419e-01,-7.690316110474246791e-01,-3.863628527420414072e-01,4.334025961197859877e-01,8.449810349932947162e-02
1.629949067067657964e+01,-2.895569321102027693e+00,-1.504137830886878691e+00,1.092583057370476896e+00,-3.286586633108198874e-01,2.278186590255031785e+00,1.234222274618048676e+00,1.456456351260495330e+00,1.184632112632072465e+00,-3.177594744084194511e-01,-1.432514769561533896e+00,-1.461832541096575733e-01,-1.637050115248517637e-02,5.422875022578341753e-01,1.517165361793514633e-01,2.629492219396192265e-01
1.400778688154363039e+01,1.883631763481635080e+00,2.632292572051246005e+00,-1.788858315499404439e+00,-9.981544524064386303e-01,6.058807321141359559e-01,7.429297600407476221e-01,7.306977047929068270e-02,7.143837493254349136e-01,-4.049546216977686908e-01,2.613300249592860336e-01,-4.825221910163776662e-01,2.746762032082114002e-01,3.742068741583663982e-01,7.012775824513981515e-01,9.764404500759068517e-01
1.384141456309476759e+01,5.151107312732967625e-01,2.608999641495554744e+00,-1.481647016327560129e+00,-7.633974529045598478e-01,1.989686336661202093e+00,2.354906013813120147e+00,-2.604033681519983379e+00,-2.726738605577526120e-01,-4.819950157250049161e-01,5.154522295703818369e-01,1.567370226033885761e+00,4.960524419203236057e-01,6.449477619544209395e-01,-4.328950423550530502e-01,6.509874816734738667e-01
1.303958154804410086e+01,1.194832278936267977e+00,2.248420313319134056e+00,-1.336743300687760261e+00,-2.163037923072691215e-01,-5.214405411189775019e-02,-1.126621338890920893e-01,9.290360514178006568e-01,4.852788474740095670e-01,-8.099954779454363596e-01,-6.368198601578728413e-01,-1.064224213643646388e+00,-6.072375879522047271e-01,3.736745137052476656e-02,8.229359067359149904e-01,-6.171319045217713711e-02
1.070675830623122238e+01,-3.106977516727761568e+00,-5.750670606653588424e-01,9.991488713556628820e-01,8.401793410643055848e-01,-1.136927801400281934e+00,-4.481365247907544425e-01,3.411246722243849727e-01,-6.845857697471119385e-01,9.234122179765217320e-01,-1.827622501699979196e-01,7.150799430696115344e-01,3.369433573354789491e-02,-1.109100489352805585e-01,-7.880385174206526733e-01,-1.174768987979813106e+00
1.354063994940296567e+01,-1.891524398129560858e+00,7.180768156487759082e-03,4.443232625085256626e-01,6.773402631112883654e-01,-2.166356405667988927e+00,-1.516846981987662879e+00,5.601023365570620971e-01,-9.918847310672002093e-01,8.469121508173328428e-01,9.433754709742473918e-03,-1.161394575745012953e-01,1.468621496680658778e-01,-2.203206309830445797e-01,-4.663270411264603954e-01,-6.792297545166225969e-01
1.381085230298214661e+01,-1.924983157991691396e+00,5.654257503370994087e-01,2.148614155896189093e-01,4.836761494377310733e-01,-2.393089689709140711e+00,-1.447840764145274850e+00,3.591780620461983986e-01,-8.088729363924427318e-01,1.144487748236029168e+00,1.666157205688522935e-01,8.995670027033488003e-02,8.207190851965878720e-01,-1.726080537271895698e-01,-5.773144808522940874e-01,-6.721273075918247908e-02
8.282981487938114284e+00,2.373305472917953018e+00,1.638198790622693135e+00,-1.371413107736291659e+00,-1.026243056904973042e-02,-2.598666459133441631e+00,-1.392349672433584651e+00,5.032334895815820941e-01,-8.210628721169054289e-01,9.962236153515453552e-01,-1.237644206192832080e-01,1.972079274290893802e-01,2.632861820796929542e-01,2.673505293554139612e-04,-1.050093061208520612e-01,-6.378639081945173261e-01
1.330412632730819666e+01,-1.688067434669881850e+00,3.992576821523748931e-01,2.439174143299348840e-01,6.364969228703504234e-01,-2.027092870153458293e+00,-1.608775042479206441e+00,6.824195788727910328e-01,-7.744631902142977697e-01,6.290830032663747851e-01,1.586067200966010116e-01,-5.334397678452795777e-01,-4.031859391272093335e-03,-2.094386623665898950e-01,-9.603176840213062393e-02,-5.687682921031975702e-01
1.271052180536375431e+01,-2.618335654336700902e+00,-2.598333913928956851e-01,7.487843094468326077e-01,8.365019473958863472e-01,-1.758793788451908258e+00,-1.068412574693631267e+00,3.276873914477519967e-01,-9.568047145244337193e-01,9.082029765384896924e-01,-1.429889270491707387e-01,3.252328683256559549e-01,-1.294570631547732782e-02,-2.330937600770225104e-01,-8.052500808553236800e-01,-9.572464265761342350e-01
6.391891051826555703e+00,-3.789875146751845225e+00,-1.831010290060700818e+00,1.726609745261638240e+00,5.654680164128477182e-01,3.512892978204340544e-01,1.891242970018965908e-01,2.531334570722176269e-01,-4.955253275450816064e-02,2.020195508165300025e-01,4.507614733837358306e-02,1.803103972787372111e-01,-1.630521148972775280e-01,-1.643368687094307889e-01,-6.241567356606196881e-01,-5.515518224442096384e-01
1.348503285003944363e+01,-1.930208682376465923e+00,8.176985347752357969e-01,1.551174603137794317e-01,6.722440649422600778e-01,-2.246316042796562051e+00,-1.439189404777304837e+00,6.981567544677749204e-01,-7.670860771780823040e-01,7.163206856133610412e-01,2.337698917991559433e-01,-4.898287080851598807e-01,2.183488339404602574e-01,-3.204537744275682831e-01,-2.693984489610933841e-01,-4.356340001268468320e-01
1.326574076255469237e+01,-1.555467521600134351e+00,-1.783502194132761259e-02,2.613751353302430913e-01,2.503135459694764281e-02,-2.398023843430876934e+00,-1.263603760658384312e+00,-3.931636592581471690e-01,-8.320714518706663343e-01,1.932612003156724434e+00,7.663840445661548317e-01,8.426490571163472998e-01,1.859728864162824458e+00,3.976394349885142843e-01,-8.769492630173933989e-01,7.995287610178748450e-01
1.295887476758351298e+01,-1.944390628034493584e+00,3.721150406784992093e-01,3.280223078796438707e-01,6.851676134446017530e-01,-2.069604068464518942e+00,-1.264289828466913290e+00,6.062183872891443448e-01,-8.455564614193967765e-01,8.357820280233883015e-01,-1.026355800579142469e-01,-9.434272337407796638e-02,3.531635193660030009e-02,-3.761433577269829853e-01,-5.000027995143633275e-01,-7.491717897835876716e-01
1.460234887088720335e+01,-1.877987744593860420e+00,-1.872749587828594686e+00,1.046679499604180386e+00,3.338276162502173960e-01,-1.215009276493472568e+00,-9.693708071341299304e-01,7.335742716943164377e-01,-2.265037366889786630e-01,1.069705302782811840e+00,-6.348273200477366762e-01,3.264218339704564320e-01,7.208669928817103001e-01,3.109714988625740806e-01,-4.603926785271545419e-01,-6.353679197395399880e-01
1.312080650678490734e+01,-1.075652657614265761e+00,-8.420151168885788850e-01,4.976457228251318088e-01,6.153044173026215452e-02,-1.994132704698126091e+00,-1.446161305169662459e+00,5.628446606395978158e-01,-6.020696100415322272e-02,1.118472910872786885e+00,4.854432451107939528e-01,-9.417223213311878838e-02,8.965509573983280189e-01,2.256497087641180510e-01,3.276780297361152339e-02,3.726286160690485127e-01
1.458581986436941236e+01,-5.262067224154536316e-01,-1.954330380787643540e+00,7.471695121468486800e-01,-1.471075705941544132e-01,-1.952657121754886704e+00,-1.572380416999342057e+00,1.959015850491187261e-02,-7.419957503389019993e-02,7.776616613206531747e-01,7.460409700545038714e-01,-1.444675023427938465e-01,1.104315442435244154e+00,1.897844858550235547e-01,1.507045923632580053e-01,4.960360271537964660e-01
1.183211377450678725e+01,4.270487736287343239e+00,4.519100185745217879e-01,-1.564045539745067215e+00,-5.610054390590952789e-01,-2.321942415629195455e+00,-1.423633164992057276e+00,1.001033451701427879e+00,-3.748581208458124370e-01,1.120469774651324579e+00,-8.366215624811818019e-01,1.617339574563420312e-01,4.211477870496588838e-01,2.326921312592729607e-01,-1.051323162408581216e-02,-3.249175183204818240e-01
1.406738908537120736e+01,-5.345319978319096332e-02,-1.653748696564176779e+00,5.348293912700241570e-01,-1.830602191629186748e-01,-1.726124258083874263e+00,-1.619451928464791690e+00,6.616398887533401219e-01,7.240746976121555101e-02,3.567442299743482370e-01,6.454931426355087210e-01,-8.291418864935524713e-01,5.314321497727371169e-01,1.327672850650907233e-01,6.278057679039310557e-01,4.130187201543352726e-01
1.406738908537120736e+01,-5.345319978319096332e-02,-1.653748696564176779e+00,5.348293912700241570e-01,-1.830602191629186748e-01,-1.726124258083874263e+00,-1.619451928464791690e+00,6.616398887533401219e-01,7.240746976121555101e-02,3.567442299743482370e-01,6.454931426355087210e-01,-8.291418864935524713e-01,5.314321497727371169e-01,1.327672850650907233e-01,6.278057679039310557e-01,4.130187201543352726e-01
9.451968764900874120e+00,-4.041064343429437322e+00,-2.893215425487276615e+00,2.143636304529796810e+00,1.835308603534807625e-01,1.543910851149346675e+00,6.894497604734869389e-01,9.020095924806242893e-01,7.126394035608076827e-01,-1.703324336330892252e-01,-3.237377973766969452e-01,-2.903811906117730324e-01,-4.117094357385001624e-01,9.117097927260040674e-03,-4.655995582268888933e-02,-1.262450879478539678e-01
1.363942618712446730e+01,-9.957365676209835037e-01,-1.542117604097526629e+00,7.514939699812006602e-01,2.152638232590922962e-01,-2.168381517322044871e+00,-1.843381287107257904e+00,3.166735957539966173e-01,-3.252622873870916753e-01,8.924476506459758651e-01,6.413566970617485818e-01,-2.418282446173384004e-01,7.587915432597127641e-01,1.414842255575894103e-01,1.983134239943553090e-01,2.610344443499344469e-01
1.348978645906735174e+01,-2.467577417096467329e-01,-1.567527418269420991e+00,5.256455255996114184e-01,-3.280641759624451925e-01,-1.658595490864086086e+00,-1.254938472913408987e+00,-4.595877914715421064e-01,-5.232732576843575345e-02,6.833727778073847015e-01,1.433184462783922308e+00,-1.144931429828875413e-01,9.791401023041150786e-01,2.922126160254065463e-01,7.285630159052722266e-02,7.511093666354285991e-01
1.413472542834197831e+01,6.243246616707738283e-01,-1.336114845556314323e+00,1.129061663980752278e-01,-9.456923505110296224e-01,-1.414493030303067833e+00,-8.200773946799616576e-01,-4.509634111924075706e-01,8.328358368599421413e-02,9.450293512401573004e-01,1.535166510702476783e+00,2.414110793211008965e-01,1.786837614762859516e+00,5.122657301118477280e-01,2.302382063423384917e-01,1.437731480195657108e+00
1.232452841984138026e+01,-2.001421416893379934e+00,-5.065576311275592492e-01,6.308664171014329858e-01,3.726438433524693616e-01,3.606223486923547106e-01,1.729487406272247063e-01,1.551152874023362938e-01,-1.986308543674658866e-01,-1.699702177242735091e-01,-3.119955606299513184e-01,1.596396195347600799e-01,-5.826132429124589729e-01,-1.331244967333660989e-01,-7.398035965781955825e-02,-6.768752118177246979e-01
1.588778661544577986e+01,-2.368353863299736073e+00,2.378325028004718344e+00,-4.940389481957614404e-01,4.051675233431612511e-01,1.681032863023479429e+00,1.454551866676817351e+00,-3.951536296188849773e-03,-1.534483016951189438e-01,-8.245949735135083003e-01,-9.229121446079340263e-01,8.166229320521742885e-01,-8.437225054210594211e-01,-3.110377787546816375e-01,7.801197574230732401e-02,-3.494555993604980815e-01
1.671305634629681691e+01,-9.583341208234540387e-01,2.111311358875240352e+00,-6.831810426245045198e-01,1.648218942133715115e-01,1.097439137737530324e+00,4.681625158726769320e-01,1.517955575301131788e+00,4.670808389329432209e-01,-1.658099334756662158e+00,-1.173596444081092871e+00,-1.111577666312044910e+00,-1.522824049167343707e+00,-6.106908282164684731e-01,1.156624437242291581e+00,-5.847487961997652750e-01
9.239763232074666988e+00,3.638316405321669667e+00,1.489223337035591843e+00,-1.706566079562881866e+00,-3.166547194276317367e-01,-1.634601980777402375e+00,-9.795072825443419395e-01,1.069151637885592754e+00,-2.651906343108889619e-01,4.615131671836803506e-01,-6.704640583257569508e-01,-1.477319939757124889e-01,-3.590097460490442871e-01,-8.016674191020553217e-03,3.727065811772561910e-01,-6.746693994204991940e-01
1.722847271366388711e+01,-8.301007295760811644e-01,1.916225133460261354e+00,-7.823496791974563491e-01,-2.765491672315911198e-01,1.503326880397078957e+00,9.619760017490186499e-01,-1.547629619476956903e-02,3.605897008157177286e-02,-9.321011044487903519e-01,-5.089253995364919625e-01,2.535150164618271695e-01,-3.497704766296222956e-01,-2.764085307367601385e-01,6.071461476860048334e-01,4.622137380652474592e-01
1.705954366018816870e+01,-8.495042263316552322e-01,1.073216738659981573e+00,-2.936339680265698804e-01,3.010656218443321097e-01,1.316132686604764013e+00,3.473682865678123233e-01,1.602031360702240503e+00,4.756207483601181951e-01,-1.869746362870273071e+00,-9.989302439716846171e-01,-1.435914985715066150e+00,-2.149959415224088399e+00,-9.641600267138819014e-01,1.203863738359831181e+00,-8.949654032061707953e-01
1.070078628510793273e+01,-4.998331795203206696e+00,-2.988827201198605454e+00,2.414077147987052641e+00,1.397041261674211443e-01,3.347059882268130782e+00,1.738492504569214558e+00,1.019536140395764345e+00,1.098778311415393061e+00,-1.119673664610059127e+00,-7.687300556907016302e-01,-4.747626314567822137e-01,-1.010881370056375683e+00,-1.722148395761480544e-01,2.105611127388888615e-01,-4.326114374259627804e-02
1.632423309827498770e+01,-6.798594065003273901e-01,1.508966345039437051e+00,-4.767506668222901700e-01,4.535555056896785620e-01,5.412079234529001415e-01,-1.734890517707750046e-01,1.936129524879885766e+00,3.671613768435236236e-01,-1.453822996380662369e+00,-7.855706743106366519e-01,-1.669274573539011319e+00,-2.200529003401765049e+00,-8.356861915914429728e-01,1.342800000523456383e+00,-1.024211822835546126e+00
1.648191206428937861e+01,-1.825144752297612083e+00,1.482133957277907532e+00,-3.245221590584057014e-01,2.106690960956413283e-01,1.546778324501363100e+00,1.050337427841507854e+00,-7.170474437321050498e-01,-5.573120263677047159e-01,-9.626645480297589819e-01,-4.248558974367914742e-01,9.515340656158033372e-01,-5.025216587525691558e-01,-2.577554393700380864e-01,3.849912404286718326e-01,2.715510028549018157e-02
1.573991413301330233e+01,1.317757292556271387e-01,1.287365414154713061e+00,-6.769559961553532901e-01,-3.378138804361763281e-01,3.531223836689440509e-01,4.715255557092517397e-02,1.607664258818952474e+00,5.827592817773569189e-01,-8.872384930789719570e-01,-2.982886937314120357e-01,-9.731938260145789332e-01,-8.693874740398638279e-01,-2.885051129216673615e-01,1.129435548764603947e+00,4.384284334209279099e-02
